AA,TA,TAB
110.52318572998047,129.60354614257812,172.4269256591797
120.86717987060547,67.47959899902344,301.35189056396484
8.241096496582031,135.07643127441406,288.02488708496094
105.39551544189453,167.60328674316406,181.33749389648438
104.55361938476562,8.127820014953613,55.358089447021484
94.44715118408203,2.05452299118042,290.8952941894531
107.52903747558594,117.10291290283203,216.4037628173828
121.7746810913086,107.6868667602539,358.5562574863434
94.44715118408203,116.65866088867188,108.7168960571289
105.88355255126953,110.16065216064453,174.69189453125
106.730224609375,99.86438751220703,52.309452056884766
107.9135971069336,104.77615356445312,291.1610641479492
108.88900756835938,138.12094116210938,215.24012756347656
112.50749206542969,109.5578384399414,343.26693534851074
107.9135971069336,143.47694396972656,100.74581146240234
106.52484130859375,124.46278381347656,273.53763580322266
103.54741668701172,99.8643798828125,20.55255126953125
104.49375915527344,104.7761459350586,149.077880859375
106.52484130859375,116.80489349365234,90.65771484375
101.89396667480469,114.49431610107422,342.466344833374
117.00106048583984,117.29004669189453,207.02792358398438
136.0658721923828,117.4788818359375,107.47445678710938
80.9977035522461,115.80790710449219,236.9610137939453
108.10518646240234,118.17806243896484,12.781293869018555
99.26417541503906,125.01703643798828,168.33213806152344
111.28636169433594,116.46917724609375,47.57317352294922
104.7869644165039,126.90206146240234,276.6375961303711
104.9888916015625,121.14837646484375,240.015380859375
119.84375762939453,115.80790710449219,10.194855690002441
104.7869644165039,118.17806243896484,135.9492950439453
91.2297134399414,110.47147369384766,205.7323455810547
114.3599624633789,117.48005676269531,315.4633102416992
117.9760971069336,108.19136810302734,92.60824584960938
110.14693450927734,116.44807434082031,80.5694808959961
105.83807373046875,116.37022399902344,208.05760192871094
109.49300384521484,116.91827392578125,321.0014953613281
119.9462890625,110.47147369384766,142.39968872070312
93.38880157470703,117.48005676269531,264.4136199951172
110.51184844970703,107.0149154663086,27.923934936523438
104.82333374023438,126.07186126708984,157.34158325195312
106.0316162109375,124.45974731445312,36.13457107543945
111.81314849853516,132.61024475097656,276.8390655517578
110.29489135742188,140.17922973632812,215.34280395507812
109.51134490966797,135.4365692138672,341.9025535583496
111.81314849853516,114.27188110351562,99.12262725830078
116.09333801269531,95.92159271240234,136.00430297851562
92.44506072998047,105.99925231933594,16.10936164855957
113.76239013671875,106.82237243652344,258.3443374633789
100.8309326171875,111.45103454589844,84.45365142822266
105.2237319946289,104.06607818603516,203.29794311523438
106.73670959472656,118.51465606689453,325.2357406616211
100.8309326171875,125.75444030761719,264.47391510009766
114.07081604003906,108.14239501953125,152.246826171875
113.89196014404297,122.63720703125,18.391666412353516
110.76738739013672,125.91175079345703,216.9363250732422
105.14391326904297,108.30545043945312,100.62647247314453
102.97222900390625,133.3429412841797,342.7033748626709
110.68362426757812,130.93557739257812,339.7791500091553
111.71794128417969,108.14239501953125,207.61688232421875
111.60884857177734,122.63720703125,93.3695297241211
105.92029571533203,99.57624053955078,26.30828094482422
108.09141540527344,102.45858001708984,266.3556671142578
111.5353012084961,116.04039001464844,158.9998321533203
123.35598754882812,137.55787658691406,173.9392852783203
111.79153442382812,120.39634704589844,44.35498809814453
108.46143341064453,139.13873291015625,290.6962127685547
110.3340835571289,123.19034576416016,131.80816650390625
108.48289489746094,120.41075897216797,10.3118314743042
103.62022399902344,120.9564208984375,250.48352813720703
110.01776123046875,113.34801483154297,139.974609375
103.8864974975586,120.00593566894531,15.13895034790039
104.78937530517578,115.88873291015625,254.67467498779297
107.29517364501953,125.572265625,31.527841567993164
107.76771545410156,126.95632934570312,136.5322723388672
113.07140350341797,110.43579864501953,266.18992614746094
113.0523681640625,106.62208557128906,40.74082565307617
113.07140350341797,120.26008605957031,162.91171264648438
116.07598876953125,115.96868896484375,288.2023239135742
102.62382507324219,114.92361450195312,134.40797424316406
113.33829498291016,116.22017669677734,260.7432632446289
102.5743408203125,115.62979125976562,21.167564392089844
102.62382507324219,117.22007751464844,266.0370407104492
116.37855529785156,120.50967407226562,141.68829345703125
109.16173553466797,120.79633331298828,14.338072776794434
97.04094696044922,124.280029296875,243.81341552734375
126.04508972167969,119.49748992919922,356.18622732162476
99.44879913330078,123.86054992675781,97.12906646728516
91.9051284790039,119.2955093383789,42.469295501708984
117.41256713867188,120.50965881347656,285.0599822998047
112.33731842041016,120.79634857177734,140.21861267089844
96.43162536621094,120.49512481689453,17.252197265625
119.75711822509766,128.15484619140625,138.5945281982422
112.33731842041016,106.54659271240234,282.5206298828125
102.3792495727539,104.37544250488281,227.5100860595703
114.20020294189453,126.74018096923828,112.86299133300781
100.65289306640625,117.45462036132812,16.790592193603516
103.16340637207031,109.56404876708984,223.62840270996094
104.66149139404297,110.35411071777344,348.3140935897827
110.02305603027344,112.22708892822266,106.44862365722656
115.38516998291016,115.94800567626953,208.17807006835938
93.32785034179688,113.9177474975586,354.2082667350769
97.4463119506836,116.82146453857422,84.08306121826172
97.4463119506836,109.56404876708984,276.5199966430664
116.52655029296875,110.35411071777344,153.2587890625
89.44501495361328,118.84429168701172,9.803674697875977
118.22457885742188,133.6978759765625,309.5774345397949
101.53536224365234,119.21790313720703,61.24412155151367
110.17207336425781,133.61448669433594,170.25048828125
101.53536224365234,118.25871276855469,184.97093200683594
102.95377349853516,121.6800765991211,307.80638885498047
103.33024597167969,114.58978271484375,70.76270294189453
110.17207336425781,112.65847778320312,104.3829116821289
117.65764617919922,117.51380157470703,324.7987403869629
103.33024597167969,111.31140899658203,212.20050048828125
108.11032104492188,128.9474334716797,338.38543128967285
103.11607360839844,118.53893280029297,225.3501434326172
106.13753509521484,129.43946838378906,116.7578353881836
126.58795166015625,119.77041625976562,308.6675605773926
103.60383605957031,119.18819427490234,72.26689910888672
106.13753509521484,119.69454193115234,180.51129150390625
112.96392059326172,116.1916275024414,161.6900634765625
105.51594543457031,124.9770278930664,30.146881103515625
107.17327117919922,117.50355529785156,264.65126037597656
94.70997619628906,113.41735076904297,225.49330139160156
117.10042572021484,127.572509765625,351.4874687194824
107.17327117919922,116.10758972167969,109.69507598876953
102.88876342773438,137.72743225097656,312.497257232666
108.86618041992188,130.6604766845703,63.00020217895508
105.72669219970703,131.6023712158203,184.06259155273438
121.5213623046875,118.93199157714844,337.22144889831543
112.47794342041016,120.52005767822266,212.3056640625
105.72669219970703,116.61434936523438,93.61592864990234
109.25350952148438,121.23445129394531,161.20321655273438
106.00243377685547,118.33831024169922,35.03575897216797
103.17399597167969,120.13526916503906,267.58343505859375
100.60737609863281,116.99846649169922,229.34303283691406
120.41929626464844,114.18072509765625,358.72958409786224
103.17399597167969,114.0685043334961,116.48898315429688
103.52696990966797,120.87593078613281,106.38029479980469
106.52285766601562,116.79996490478516,354.7554006576538
98.66032409667969,117.53006744384766,216.99029541015625
111.01860046386719,113.14519500732422,40.299530029296875
106.39692687988281,113.29142761230469,268.34351348876953
106.03990173339844,113.6781997680664,151.6049346923828
100.50643157958984,111.24507141113281,182.03433227539062
112.43765258789062,122.1708984375,64.32733154296875
109.76376342773438,111.62529754638672,293.97985076904297
106.50836181640625,125.29059600830078,229.2227020263672
115.72789764404297,125.3493423461914,352.6888999938965
109.76376342773438,127.94876098632812,121.24910736083984
106.23411560058594,125.33790588378906,225.61805725097656
110.03800201416016,120.80616760253906,350.1334476470947
99.06192779541016,125.3493423461914,109.32048034667969
110.4739761352539,127.94876098632812,78.15441131591797
117.88327026367188,123.0253677368164,311.10933685302734
95.3213882446289,129.65765380859375,195.38832092285156
77.53023529052734,118.66354370117188,123.592529296875
108.95421600341797,108.33443450927734,29.3363037109375
112.32813262939453,124.34874725341797,248.3049087524414
82.570068359375,121.64183044433594,127.31241607666016
107.95735168457031,108.301025390625,33.96717071533203
114.96714782714844,115.18118286132812,259.1088638305664
102.38745880126953,118.66354370117188,93.11600494384766
108.10712432861328,108.33443450927734,219.2472381591797
107.38409423828125,126.33528900146484,335.53788566589355
113.12818145751953,130.0237274169922,156.60440063476562
100.0735092163086,113.24039459228516,269.0236358642578
109.51325988769531,126.15528869628906,30.171188354492188
110.55812072753906,109.30009460449219,35.24509811401367
110.06930541992188,115.248046875,155.4900360107422
109.75524139404297,129.74368286132812,265.1835632324219
111.54097747802734,127.34027099609375,181.55279541015625
108.56076049804688,115.97596740722656,307.18645095825195
97.76123809814453,104.08062744140625,59.34555435180664
107.96529388427734,105.21646881103516,151.4138946533203
114.18594360351562,94.73157501220703,263.38683319091797
101.15081787109375,121.01126861572266,14.95072078704834
116.62496185302734,143.92611694335938,163.44557189941406
105.58419799804688,112.73236083984375,51.604251861572266
110.21898651123047,142.15447998046875,286.5737762451172
98.39796447753906,112.62905883789062,3.844608783721924
104.66582489013672,97.74932098388672,125.03789520263672
127.58379364013672,126.25636291503906,218.24209594726562
109.16157531738281,144.8413543701172,175.8208770751953
97.0258560180664,112.73236083984375,76.81029510498047
126.86504364013672,142.1544647216797,327.84388732910156
109.16157531738281,112.212646484375,102.83879852294922
96.12400817871094,126.25443267822266,202.4822998046875
118.06614685058594,120.17115783691406,308.0106620788574
115.70001983642578,114.88348388671875,327.2625617980957
92.98041534423828,125.77050018310547,205.7099151611328
130.26229858398438,102.19667053222656,95.19268798828125
92.98041534423828,114.24320220947266,218.4246826171875
116.63668060302734,112.92007446289062,97.63285827636719
103.50267791748047,115.0519790649414,351.1170997619629
130.26229858398438,114.78927612304688,19.559045791625977
98.1869125366211,117.28619384765625,153.6651611328125
103.50267791748047,118.15310668945312,273.6896514892578
106.15264129638672,133.04446411132812,110.66938781738281
110.62237548828125,123.26119995117188,340.09041023254395
116.7883529663086,126.14127349853516,222.11143493652344
100.83973693847656,93.28367614746094,320.9148254394531
103.48692321777344,113.4023666381836,84.66825103759766
116.7883529663086,97.42676544189453,206.4597625732422
109.44029998779297,113.4023666381836,181.55532836914062
108.88986206054688,97.42676544189453,52.31725311279297
106.73212432861328,124.09500122070312,295.93975830078125
104.3936996459961,129.5287628173828,259.9982452392578
109.35884094238281,89.87480163574219,151.00177001953125
107.42759704589844,120.45635223388672,21.01368522644043
105.11660766601562,122.83543395996094,157.22235107421875
116.12481689453125,139.5841827392578,44.15401840209961
108.0135726928711,110.8759536743164,283.92076873779297
102.99078369140625,107.81758880615234,329.0825843811035
116.12481689453125,136.31568908691406,83.36470031738281
107.08274841308594,114.208251953125,204.09799194335938
117.90452575683594,110.8759536743164,91.65042114257812
108.0135726928711,107.81758880615234,332.80072593688965
107.08274841308594,111.66668701171875,207.04530334472656
116.08815002441406,112.5982437133789,83.69849395751953
98.92609405517578,109.00635528564453,329.67371368408203
106.16790771484375,112.80834197998047,211.4351806640625
113.92170715332031,136.31570434570312,320.71621322631836
113.93639373779297,114.208251953125,83.91841888427734
106.16790771484375,139.3269500732422,191.7034149169922
117.33900451660156,122.95631408691406,160.5156707763672
112.59123992919922,109.00635528564453,285.3694152832031
107.45936584472656,112.80834197998047,45.2689323425293
117.33900451660156,113.87439727783203,59.919036865234375
106.9941635131836,128.1562042236328,292.3144302368164
102.92249298095703,110.44652557373047,177.63926696777344
94.62396240234375,108.24444580078125,295.42254638671875
102.943603515625,127.37153625488281,47.27900314331055
113.92623901367188,110.48808288574219,168.2456512451172
108.8600845336914,135.63751220703125,184.77650451660156
100.59947967529297,138.3723907470703,98.90430450439453
112.29647064208984,122.18193817138672,316.821834564209
113.2383804321289,108.5923080444336,128.6559600830078
103.50399017333984,127.37153625488281,9.285016059875488
104.1114273071289,110.48808288574219,249.02774810791016
114.1140365600586,128.04452514648438,150.43844604492188
107.3287582397461,115.7982177734375,28.9063777923584
107.36647033691406,124.49819946289062,269.7939758300781
107.074951171875,118.20762634277344,67.20142364501953
108.5788345336914,110.89604187011719,298.66772842407227
99.9103012084961,119.09717559814453,181.04661560058594
107.13143157958984,112.85829162597656,143.156494140625
105.92455291748047,102.96121215820312,276.8871841430664
119.56967163085938,124.60575103759766,33.234825134277344
109.69783782958984,125.49561309814453,136.87884521484375
97.81266021728516,110.89604949951172,265.7734832763672
94.5294418334961,119.09717559814453,25.803157806396484
110.94404602050781,109.39679718017578,178.39013671875
107.76142120361328,116.39448547363281,45.90534973144531
100.01231384277344,113.70374298095703,294.2605667114258
109.825439453125,118.68974304199219,208.87796020507812
107.03067016601562,117.80899047851562,339.95263481140137
100.01231384277344,116.83212280273438,92.16612243652344
104.42115783691406,133.77108764648438,59.02141189575195
108.25565338134766,128.43467712402344,185.58584594726562
104.65110778808594,128.4872589111328,299.8137397766113
110.67528533935547,121.06238555908203,73.96572875976562
109.14054107666016,117.80899047851562,189.16366577148438
114.06995391845703,116.83212280273438,306.6429557800293
99.00599670410156,121.6919937133789,160.31260681152344
101.59983825683594,112.85404205322266,270.4791030883789
131.19534301757812,119.96051025390625,38.35712432861328
111.31787109375,117.75936126708984,331.9795684814453
135.99392700195312,108.12081146240234,73.53643035888672
124.03318786621094,116.3167724609375,209.67547607421875
108.47175598144531,121.9912338256836,333.0633316040039
97.04584503173828,106.3802261352539,237.5233154296875
128.39678955078125,131.91867065429688,105.9736328125
108.47175598144531,127.45232391357422,86.58434295654297
92.98137664794922,108.12081146240234,185.03163146972656
108.01844787597656,116.3167724609375,303.71410369873047
93.55413055419922,109.84191131591797,148.55374145507812
93.8575210571289,107.26127624511719,60.80515670776367
110.9100570678711,111.94852447509766,274.16473388671875
104.92498779296875,121.05445861816406,142.8861846923828
96.42530822753906,103.82998657226562,25.067394256591797
108.43343353271484,117.94618225097656,259.585205078125
99.99031829833984,126.849853515625,120.78025817871094
103.67535400390625,116.7538070678711,1.7466366291046143
113.16902160644531,124.67596435546875,240.88330078125
112.9556655883789,114.50655364990234,34.93595886230469
104.54916381835938,113.16781616210938,147.4760284423828
106.89263916015625,114.27752685546875,272.5795135498047
107.44564056396484,111.50743865966797,204.25381469726562
117.99989318847656,107.97358703613281,64.4690933227539
106.1301040649414,119.0023422241211,305.0488815307617
120.16417694091797,128.56021118164062,217.6585235595703
117.99989318847656,114.43486022949219,352.225266456604
106.63134002685547,127.23448181152344,111.3828125
95.06908416748047,121.25807189941406,79.8554916381836
106.1301040649414,111.94554138183594,330.0416316986084
106.63134002685547,126.56280517578125,203.42674255371094
105.83861541748047,130.34747314453125,250.06720733642578
113.9194107055664,114.43485260009766,16.46176528930664
110.65438842773438,127.2344970703125,137.4982452392578
113.9194107055664,119.57978057861328,321.2962989807129
114.2760238647461,111.7305679321289,83.13822174072266
107.33724212646484,121.6844253540039,198.42861938476562
110.65438842773438,116.58924102783203,87.93952178955078
104.4314956665039,107.16931915283203,334.47462463378906
107.33724212646484,109.95211791992188,212.80162048339844
108.79705047607422,127.4690170288086,248.61759185791016
111.47483825683594,114.97795867919922,14.628690719604492
108.86519622802734,131.50990295410156,128.88121032714844
111.47483825683594,122.18768310546875,304.46104431152344
113.57719421386719,105.54466247558594,67.7923355102539
104.08356475830078,107.57148742675781,187.27197265625
108.86519622802734,79.48799896240234,90.97318267822266
109.88572692871094,90.82115936279297,331.9150848388672
104.08356475830078,107.75456237792969,209.9586944580078
103.540771484375,134.2696075439453,167.7275848388672
110.78296661376953,108.68853759765625,43.968605041503906
99.85179138183594,135.54498291015625,283.24779510498047
111.87705993652344,83.93528747558594,227.4921417236328
114.19605255126953,102.34049987792969,0.2571706473827362
99.85179138183594,107.45135498046875,118.47726440429688
102.0644760131836,129.84506225585938,173.72186279296875
102.09642791748047,116.73426055908203,75.55633544921875
125.16432189941406,132.97315979003906,308.94864654541016
102.09642791748047,115.89028930664062,89.26896667480469
95.27937316894531,111.4310531616211,345.7084197998047
110.85417175292969,118.90045166015625,224.6615447998047
101.0818099975586,116.36573791503906,269.01173400878906
83.27561950683594,114.56178283691406,353.1599450111389
113.43328094482422,115.89403533935547,126.02495574951172
101.0818099975586,117.79277038574219,96.5573959350586
85.59192657470703,126.75790405273438,14.302754402160645
129.98150634765625,108.7153549194336,230.43312072753906
105.54289245605469,111.67916870117188,39.89105987548828
114.02900695800781,124.79962921142578,149.82611083984375
110.70598602294922,117.17601013183594,281.64661407470703
110.5716323852539,121.29361724853516,244.2628936767578
107.92350769042969,126.70160675048828,121.57138061523438
107.64492797851562,120.9941635131836,4.6222405433654785
104.86363983154297,115.92804718017578,135.46151733398438
100.35926818847656,126.30335235595703,22.75681495666504
107.88984680175781,115.69281768798828,260.23600006103516
108.61540222167969,124.55072784423828,148.86447143554688
102.5406723022461,118.69255828857422,33.474483489990234
109.04145812988281,122.92173767089844,273.29197692871094
103.05647277832031,112.50082397460938,154.2308349609375
108.30948638916016,110.86237335205078,38.14434051513672
109.44844055175781,105.0638427734375,271.7046890258789
100.97776794433594,115.83908081054688,159.39857482910156
111.14350128173828,123.63883972167969,43.787540435791016
105.8996810913086,120.33353424072266,282.3749465942383
95.71446228027344,118.82113647460938,257.05713653564453
116.70896911621094,120.82955932617188,359.08892822265625
114.47038269042969,109.55789184570312,135.7985382080078
95.71446228027344,122.12468719482422,104.75543212890625
98.07872009277344,128.2122039794922,346.692889213562
115.38507843017578,114.14360809326172,225.3037872314453
103.05744934082031,119.33136749267578,111.75443267822266
102.1539535522461,124.4351577758789,353.8797073364258
116.22692108154297,121.86408233642578,234.68575286865234
103.05744934082031,107.7576904296875,227.7379150390625
113.43297576904297,137.67286682128906,337.3758735656738
112.03752136230469,111.35971069335938,102.05526733398438
115.4934310913086,103.59661102294922,181.2069091796875
90.19245147705078,147.35731506347656,71.21247100830078
117.3915786743164,127.23180389404297,300.3283805847168
102.16756439208984,110.23294830322266,202.2669219970703
105.25131225585938,149.8556365966797,323.14190673828125
108.34494018554688,99.64350891113281,82.32091522216797
110.2109603881836,107.2464599609375,43.97987365722656
100.71416473388672,154.82814025878906,161.20069885253906
108.8238296508789,129.65867614746094,285.3744125366211
116.55096435546875,110.23294067382812,213.22337341308594
105.74052429199219,149.8556365966797,97.3179931640625
102.22918701171875,99.01060485839844,341.54913330078125
116.55096435546875,102.89790344238281,243.054443359375
104.76734161376953,152.0229949951172,359.49993151426315
116.580810546875,120.10838317871094,122.07034301757812
97.58245849609375,120.79183959960938,170.37342834472656
97.17374420166016,134.10610961914062,51.571563720703125
115.80797576904297,107.81475830078125,301.3683433532715
105.64591979980469,105.86940002441406,287.8151626586914
99.71969604492188,142.5480499267578,161.15782165527344
105.4872817993164,132.69241333007812,34.310752868652344
106.19775390625,107.81475830078125,283.0282974243164
103.93013763427734,105.86940002441406,171.8202667236328
115.41172790527344,121.55264282226562,46.39765548706055
102.12421417236328,120.02449798583984,104.32099151611328
117.09483337402344,110.51722717285156,235.20415496826172
89.79938507080078,109.63719177246094,354.17462396621704
102.12421417236328,142.5480499267578,52.10490036010742
118.2961196899414,132.69241333007812,281.9596862792969
109.72281646728516,127.93012237548828,146.30328369140625
109.25397491455078,106.51576232910156,177.43348693847656
108.592041015625,110.51722717285156,57.63478088378906
108.57990264892578,109.63719177246094,297.7793998718262
110.30589294433594,123.36720275878906,210.49752807617188
110.22172546386719,114.45506286621094,331.9722213745117
108.57990264892578,125.53390502929688,90.80635833740234
107.0810317993164,121.79150390625,246.08023834228516
98.38874053955078,122.22201538085938,358.10617423057556
122.02806091308594,125.83585357666016,115.9501953125
107.0810317993164,110.79693603515625,109.85059356689453
108.16761779785156,111.4420394897461,4.693690299987793
111.50276184082031,112.24407196044922,245.68814086914062
90.55078125,117.9789810180664,124.1759262084961
121.12116241455078,122.22201538085938,6.068761825561523
103.57011413574219,125.83585357666016,237.9036636352539
100.65001678466797,124.82073974609375,240.1387710571289
108.47463989257812,116.63874053955078,134.58309936523438
95.42613983154297,124.54428100585938,341.1423625946045
100.65001678466797,116.95542907714844,244.67560577392578
101.03504943847656,114.80250549316406,356.094598531723
99.74515533447266,115.54976654052734,147.21034240722656
110.64955139160156,110.3141098022461,48.71306228637695
106.5589370727539,114.97488403320312,186.79571533203125
110.4848403930664,114.01290893554688,296.6376953125
113.33650207519531,124.55624389648438,54.281063079833984
112.55839538574219,116.75885009765625,290.5552978515625
104.35641479492188,123.60700988769531,170.10009765625
111.94234466552734,114.28211212158203,145.814453125
111.40613555908203,118.84969329833984,278.9673080444336
101.65652465820312,122.03317260742188,29.813880920410156
113.64646911621094,125.75543212890625,288.8373794555664
102.13740539550781,120.3663101196289,45.01039505004883
104.71762084960938,120.73329162597656,168.94021606445312
98.7650146484375,113.06832885742188,63.97713851928711
101.74465942382812,115.39488220214844,198.92214965820312
118.23747253417969,122.03315734863281,310.5127182006836
110.21052551269531,125.75543212890625,162.56256103515625
101.4437255859375,117.60053253173828,43.72043228149414
109.6877670288086,120.2332534790039,277.6770782470703
103.47013854980469,126.69842529296875,279.49491119384766
110.80641174316406,124.9845962524414,156.4952392578125
106.75420379638672,120.3663101196289,27.65833854675293
101.6882553100586,120.73329162597656,237.32323455810547
108.71614837646484,117.60053253173828,118.3773422241211
116.52872467041016,120.2332534790039,353.65121364593506
101.6882553100586,120.91102600097656,220.0001983642578
112.57417297363281,129.01280212402344,336.15947914123535
107.34349060058594,109.31344604492188,97.1506118774414
115.3175277709961,107.78498840332031,264.53041076660156
109.04238891601562,123.80549621582031,32.57763671875
95.89167022705078,112.21660614013672,146.9910888671875
115.3175277709961,126.87236022949219,246.5214614868164
112.77449798583984,127.73667907714844,120.3596420288086
111.82946014404297,126.88105010986328,354.6906051635742
111.46519470214844,118.23854064941406,347.91151428222656
108.49281311035156,123.80549621582031,230.7848663330078
114.08794403076172,112.21660614013672,118.1439437866211
108.49281311035156,130.3380584716797,34.161346435546875
106.63972473144531,124.47929382324219,273.98368072509766
101.76104736328125,127.6046142578125,154.77346801757812
114.08794403076172,122.22621154785156,250.15372467041016
113.54039001464844,117.7201919555664,19.351106643676758
101.76104736328125,119.06812286376953,133.5400848388672
108.27536010742188,130.3380584716797,279.6797561645508
108.44135284423828,124.47929382324219,160.24403381347656
104.9128189086914,124.85372924804688,34.636051177978516
107.02180480957031,113.29450225830078,219.0166473388672
103.39305877685547,115.24674987792969,337.04743003845215
108.9150161743164,110.59381866455078,107.3338851928711
105.37193298339844,99.91374206542969,233.7677459716797
111.62850189208984,111.81941223144531,1.26949143409729
102.69602966308594,105.59769439697266,118.27621459960938
111.95618438720703,116.02934265136719,0.05595291778445244
121.34841918945312,121.6406021118164,117.3717041015625
111.47972106933594,122.56645965576172,231.00448608398438
111.95618438720703,107.91954803466797,353.6083068847656
99.727294921875,127.51553344726562,223.9495391845703
114.00604248046875,98.76708221435547,121.32301330566406
113.4126968383789,127.55322265625,152.92684936523438
94.07413482666016,129.14768981933594,27.589250564575195
104.3927993774414,131.73373413085938,264.23402404785156
115.28324127197266,121.40520477294922,359.19716173410416
104.939453125,122.02836608886719,130.8931884765625
98.55294036865234,115.42057800292969,245.80146026611328
106.94956970214844,112.38499450683594,252.01968383789062
111.35003662109375,116.51773834228516,121.64155578613281
98.55294036865234,112.7442626953125,11.844200134277344
129.9605712890625,124.37503814697266,186.14352416992188
97.91897583007812,123.34611511230469,330.5005874633789
95.02532958984375,120.31903076171875,75.08289337158203
121.90216827392578,116.88827514648438,254.01436614990234
97.91897583007812,119.13052368164062,105.7585220336914
103.67078399658203,116.9114990234375,8.58634090423584
102.59882354736328,122.04426574707031,218.2275390625
95.02532958984375,112.1407470703125,351.09461402893066
103.67078399658203,122.8056411743164,90.51778411865234
108.8157730102539,114.87977600097656,182.38368225097656
106.55941772460938,107.34767150878906,56.264076232910156
102.1419906616211,109.47481536865234,297.1360740661621
108.63983154296875,123.92790985107422,211.8223419189453
113.34013366699219,114.89163970947266,342.7141399383545
102.1419906616211,123.39007568359375,96.94095611572266
114.01736450195312,117.53448486328125,179.17196655273438
104.45726013183594,124.35155487060547,50.39558410644531
103.55427551269531,126.67656707763672,286.3514099121094
99.60706329345703,119.4830551147461,215.70277404785156
117.93661499023438,112.43624877929688,343.22266578674316
103.55427551269531,113.64842987060547,97.96434783935547
105.26014709472656,101.51007080078125,172.8325958251953
111.25700378417969,101.8502426147461,41.66156005859375
104.6537094116211,99.60504150390625,273.59130859375
96.17987060546875,127.72725677490234,221.73675537109375
117.6626205444336,116.71183776855469,350.09438133239746
104.6537094116211,126.24274444580078,114.16172790527344
106.94474029541016,112.21348571777344,280.0503921508789
97.20915222167969,109.62584686279297,167.09246826171875
119.08209228515625,106.80135345458984,32.37458038330078
105.37015533447266,125.47139739990234,50.37486267089844
116.65575408935547,115.87046813964844,175.9366912841797
117.8958969116211,124.13140869140625,277.4794006347656
100.77728271484375,111.64478302001953,124.40769958496094
112.82675170898438,109.62584686279297,223.22447204589844
110.90876007080078,106.80135345458984,0.3158990442752838
105.4923095703125,118.20874786376953,175.3328399658203
108.17803192138672,113.09492492675781,50.297096252441406
113.22084045410156,120.21942901611328,290.69518280029297
105.9039306640625,114.88087463378906,219.77487182617188
107.95659637451172,113.23426818847656,344.9292116165161
113.22084045410156,112.45147705078125,104.65794372558594
109.36272430419922,118.73521423339844,169.50892639160156
102.3529052734375,126.65814208984375,43.5810546875
104.30353546142578,117.6993637084961,282.3245620727539
105.81797790527344,119.65377807617188,245.4655303955078
115.99491882324219,128.47511291503906,18.42148208618164
104.30353546142578,122.87053680419922,130.1340789794922
101.20328521728516,103.45465850830078,328.7295570373535
107.73605346679688,118.87259674072266,210.67491149902344
109.63960266113281,105.29462432861328,88.04794311523438
102.1117935180664,125.29874420166016,150.49212646484375
100.40310668945312,138.1519012451172,39.970298767089844
113.34976196289062,141.17588806152344,279.2136688232422
104.78417205810547,112.96749877929688,141.71969604492188
110.14197540283203,126.37116241455078,275.13074493408203
103.31476593017578,136.63511657714844,36.51499557495117
98.84034729003906,151.22134399414062,46.889564514160156
99.1620864868164,134.25152587890625,156.25653076171875
122.88931274414062,144.9514923095703,295.40416717529297
98.84034729003906,109.03331756591797,22.80370330810547
107.39915466308594,133.0706024169922,280.2352294921875
102.7357177734375,98.44729614257812,149.57049560546875
105.85169982910156,124.21185302734375,169.99021911621094
113.4321060180664,142.8702392578125,52.60963439941406
99.6525650024414,139.22828674316406,305.25102615356445
109.77519989013672,109.03331756591797,211.0098114013672
103.93407440185547,133.0706024169922,105.16736602783203
122.224609375,95.5400161743164,334.7505340576172
103.93407440185547,102.71754455566406,28.875940322875977
99.66358184814453,132.91029357910156,275.55674743652344
113.82401275634766,111.73839569091797,164.1217803955078
111.38089752197266,93.39784240722656,63.098175048828125
110.48848724365234,108.10707092285156,191.65313720703125
101.73783874511719,93.71405792236328,317.22592544555664
100.08914947509766,123.29083251953125,175.6200714111328
117.5379638671875,117.17803192138672,50.91465377807617
101.73783874511719,128.49911499023438,290.1501693725586
110.2077865600586,109.72444152832031,162.87673950195312
107.80925750732422,113.84907531738281,43.590972900390625
108.30857849121094,104.5171127319336,281.2865219116211
90.45829772949219,109.62616729736328,107.55010223388672
104.09906005859375,116.1061019897461,355.8819146156311
114.288330078125,115.94361877441406,210.58746337890625
105.67418670654297,108.10723876953125,-0.0
102.09654235839844,112.55278778076172,118.65750122070312
121.88763427734375,110.32286834716797,225.6436767578125
107.7142105102539,116.36881256103516,54.34414291381836
93.55253601074219,120.44515228271484,269.55750274658203
102.797119140625,122.03485107421875,192.2364959716797
108.64334869384766,118.72926330566406,22.57299041748047
111.12334442138672,123.5792236328125,262.3135757446289
111.12334442138672,112.81238555908203,262.3135757446289
105.44198608398438,116.92118835449219,280.89093017578125
125.98155212402344,120.03343200683594,60.172935485839844
104.72852325439453,118.18560791015625,172.23280334472656
97.63994598388672,134.56675720214844,108.60447692871094
108.06742095947266,109.81385803222656,344.84724712371826
116.0586166381836,138.74801635742188,228.1421356201172
101.47553253173828,126.61490631103516,147.27069091796875
105.60054779052734,108.67706298828125,27.87063217163086
112.97735595703125,119.15753936767578,265.6418228149414
110.87020874023438,139.7847137451172,102.7496337890625
97.94470977783203,123.57123565673828,348.6624507904053
112.2942123413086,138.74803161621094,228.06417846679688
111.9092788696289,126.6148910522461,235.48948669433594
109.82877349853516,112.57491302490234,105.3902816772461
101.15669250488281,119.42022705078125,351.8651304244995
115.19625091552734,100.79505920410156,114.8868408203125
99.51527404785156,106.27569580078125,354.3468441963196
108.82646942138672,108.67706298828125,233.50115203857422
109.37093353271484,119.15753936767578,144.66265869140625
107.3524169921875,112.57492065429688,21.735437393188477
109.1854248046875,119.42022705078125,267.24664306640625
109.65229034423828,121.84192657470703,195.47671508789062
113.83152770996094,113.46488952636719,326.8739318847656
105.20811462402344,126.17732238769531,80.7813720703125
109.65229034423828,124.86211395263672,218.11782836914062
115.70722961425781,116.84667205810547,87.71991729736328
106.94508361816406,122.86766815185547,331.69598960876465
105.20811462402344,126.17732238769531,107.96150970458984
106.94508361816406,124.86211395263672,351.3998317718506
104.58002471923828,126.39456176757812,228.1836700439453
91.45648193359375,121.67298889160156,243.1832733154297
117.2309799194336,121.03646087646484,133.5426025390625
98.46617126464844,116.97602081298828,11.67281436920166
91.45648193359375,116.84667205810547,82.0597152709961
106.68684387207031,122.86766815185547,201.1030731201172
127.70880126953125,112.56897735595703,340.1826286315918
101.04914855957031,115.29041290283203,334.90165519714355
116.82306671142578,121.03646087646484,217.72552490234375
106.56822967529297,116.97602081298828,94.82877349853516
101.70692443847656,123.33129119873047,252.74916076660156
101.3637466430664,119.05810546875,14.746332168579102
109.66410827636719,124.78395080566406,133.06922912597656
95.75684356689453,118.98551177978516,156.22305297851562
114.84293365478516,119.09989166259766,36.86053466796875
101.03729248046875,117.1890640258789,254.96063232421875
114.49671936035156,124.78395080566406,175.8316192626953
100.60407257080078,118.98551177978516,52.156612396240234
107.24903869628906,126.01110076904297,295.53802490234375
103.33414459228516,121.95639038085938,172.16957092285156
115.7112045288086,114.25253295898438,54.142093658447266
107.70260620117188,116.11614990234375,287.83374786376953
112.87577056884766,119.09989166259766,286.2656707763672
99.24629974365234,117.1890640258789,22.792888641357422
110.23529052734375,119.73637390136719,156.85330200195312
100.61270904541016,119.4796371459961,169.16671752929688
110.69886779785156,114.25252532958984,58.21291732788086
107.69685363769531,116.11614990234375,286.27490997314453
111.7587661743164,116.930419921875,270.63868713378906
119.21954345703125,109.01487731933594,33.90900802612305
107.69685363769531,120.9767074584961,161.03549194335938
103.66676330566406,118.219970703125,41.192386627197266
113.23139190673828,106.63963317871094,274.3463897705078
108.64286041259766,111.78765869140625,179.87026977539062
116.24723815917969,131.28192138671875,213.04132080078125
113.23139190673828,115.52020263671875,332.9313716888428
86.66678619384766,132.38365173339844,81.80389404296875
128.01942443847656,120.72081756591797,66.19222259521484
108.64286041259766,106.63963317871094,300.72120666503906
86.66678619384766,111.78765869140625,187.30889892578125
105.0859146118164,103.56055450439453,94.13412475585938
129.90167236328125,129.64468383789062,348.64733123779297
91.63546752929688,103.58887481689453,218.8413543701172
105.0859146118164,122.86637115478516,87.56465148925781
91.76652526855469,139.93109130859375,219.863525390625
122.82727813720703,135.39259338378906,345.4964532852173
117.48062133789062,103.58887481689453,193.47584533691406
92.22319793701172,122.86637115478516,68.8134765625
113.1938705444336,98.16552734375,307.9585876464844
100.6944351196289,107.48893737792969,230.52780151367188
106.75981140136719,126.6076889038086,107.2259750366211
108.07426452636719,116.48004150390625,346.78776359558105
110.8309555053711,101.72444152832031,127.86649322509766
116.25091552734375,129.5569305419922,251.12274169921875
99.98042297363281,82.254638671875,31.199037551879883
108.51197814941406,102.48947143554688,122.83025360107422
110.23931884765625,133.87574768066406,246.09088134765625
109.35551452636719,115.57562255859375,19.330596923828125
90.79443359375,101.72444152832031,302.9713706970215
100.38722229003906,129.55694580078125,58.75553512573242
126.41341400146484,84.14822387695312,179.5510711669922
137.3983612060547,127.95359802246094,285.57421112060547
91.9104995727539,142.98678588867188,45.77479553222656
107.6091537475586,142.699951171875,185.67083740234375
107.54240417480469,112.68030548095703,141.02420043945312
102.81846618652344,115.8857192993164,20.20646858215332
110.30487823486328,118.99060821533203,259.86893463134766
105.13623809814453,131.2171173095703,130.08457946777344
105.27022552490234,119.13225555419922,2.2258074283599854
109.53923797607422,129.61082458496094,247.13803100585938
118.83362579345703,121.87403106689453,358.00305807590485
106.64762115478516,120.62725067138672,243.23971557617188
102.417724609375,120.3415298461914,141.15985107421875
102.32154083251953,116.55966186523438,356.1532015800476
106.64762115478516,118.85224151611328,121.64237976074219
97.71281433105469,116.38021087646484,227.12765502929688
100.89945220947266,109.70967864990234,271.20279693603516
93.57988739013672,117.50965881347656,18.009563446044922
133.9013214111328,106.63898468017578,165.14691162109375
100.89945220947266,111.90843200683594,93.98413848876953
105.75759887695312,119.15921783447266,357.0686209201813
93.70223236083984,116.16180419921875,230.04635620117188
96.18427276611328,115.03305053710938,119.89017486572266
111.76905822753906,121.36815643310547,247.85555267333984
112.8606185913086,111.04901123046875,10.59869384765625
105.11763763427734,113.41239166259766,336.36903190612793
112.8606185913086,121.6053466796875,79.96052551269531
108.58851623535156,117.294921875,204.46180725097656
116.65845489501953,111.74934387207031,271.35182189941406
101.62294006347656,112.76316833496094,168.10316467285156
109.49078369140625,115.15080261230469,48.06394577026367
100.32611083984375,122.36190795898438,118.70381164550781
109.03631591796875,116.80168151855469,224.70953369140625
109.05855560302734,122.96941375732422,353.6706690788269
110.03923034667969,110.48253631591797,34.19417190551758
108.279296875,111.80786895751953,145.91758728027344
105.39887237548828,117.12665557861328,274.0186462402344
108.04556274414062,121.0952377319336,336.8473949432373
113.58733367919922,114.55545806884766,204.7574462890625
102.79044342041016,117.99443054199219,90.69621276855469
116.34159088134766,100.6027603149414,169.4105682373047
104.22541809082031,109.69676208496094,292.18836212158203
101.5133285522461,118.06255340576172,52.21207809448242
104.22541809082031,137.92185974121094,358.33834278583527
111.17708587646484,120.54835510253906,124.43318939208984
115.2271499633789,136.93698120117188,248.0307846069336
137.09725952148438,100.6027603149414,71.3580093383789
108.03837585449219,109.69676208496094,313.6775665283203
101.29682922363281,102.03174591064453,183.24118041992188
108.64583587646484,112.38136291503906,168.35916137695312
100.55976104736328,121.25859069824219,56.17339324951172
104.86046600341797,122.46026611328125,292.74462127685547
110.86212921142578,110.19562530517578,142.11822509765625
103.18292236328125,118.10733032226562,356.8143255710602
99.19857025146484,109.63796997070312,247.50634765625
118.586669921875,115.09040832519531,248.5718994140625
109.71701049804688,125.6826400756836,112.9225845336914
99.3914794921875,123.79508972167969,1.12847900390625
118.586669921875,110.19562530517578,108.972412109375
115.44596099853516,118.10733032226562,242.18990325927734
104.72846984863281,117.87474822998047,359.37599021196365
109.71701049804688,126.8022689819336,236.67333984375
115.44596099853516,122.93130493164062,99.4993667602539
106.84407806396484,126.00928497314453,343.50835037231445
110.07559967041016,116.95964050292969,283.0408401489258
102.6771240234375,126.5359878540039,56.071109771728516
104.22685241699219,99.08103942871094,172.48780822753906
110.07559967041016,111.9122314453125,145.98707580566406
123.36483764648438,127.7815933227539,24.62662124633789
103.60755157470703,124.53863525390625,256.94505310058594
104.22685241699219,111.78389739990234,258.1318130493164
103.60755157470703,112.6609115600586,142.935546875
111.5186538696289,113.583984375,8.21166706085205
113.2490005493164,115.27494812011719,294.4177017211914
104.81379699707031,116.35865020751953,168.55783081054688
115.10360717773438,117.17127990722656,48.515628814697266
114.79817199707031,116.67532348632812,359.49914956092834
104.81379699707031,119.80674743652344,124.38633728027344
109.25704956054688,110.67558288574219,248.25183868408203
99.9181900024414,113.53437805175781,227.8165740966797
115.10360717773438,118.93305969238281,106.18621063232422
109.25704956054688,117.97148132324219,348.6209383010864
119.25391387939453,123.68103790283203,296.6950874328613
107.3408432006836,128.30686950683594,170.32167053222656
111.23365783691406,116.44532775878906,56.842247009277344
110.379638671875,112.20181274414062,353.3900103569031
107.3408432006836,120.9841079711914,124.85267639160156
104.27314758300781,109.93115997314453,242.94783782958984
103.38169860839844,123.68103790283203,220.62794494628906
111.23365783691406,128.30686950683594,91.47895812988281
104.27314758300781,115.90538787841797,336.0878391265869
109.32910919189453,119.4913330078125,39.85116195678711
91.62983703613281,128.3257598876953,160.8839569091797
105.94745635986328,126.38780212402344,265.2006378173828
123.14104461669922,102.37342071533203,0.43160074949264526
103.28844451904297,118.24285888671875,222.7536163330078
105.94745635986328,102.12969970703125,127.13636016845703
110.34598541259766,105.6925048828125,115.29950714111328
103.10942077636719,126.86243438720703,355.062867641449
102.21958923339844,119.12722778320312,231.85585021972656
100.89349365234375,115.16184997558594,141.27101135253906
115.82671356201172,109.82722473144531,243.1064224243164
110.92385864257812,112.11261749267578,31.445951461791992
115.82671356201172,112.11558532714844,100.1648178100586
95.67911529541016,109.7042465209961,205.18276977539062
124.05914306640625,115.07015228271484,316.44872283935547
106.76576232910156,111.59556579589844,113.43448638916016
104.01102447509766,120.82861328125,229.17059326171875
109.57374572753906,109.98809051513672,359.10583782196045
105.48098754882812,120.11968231201172,246.38189697265625
110.232666015625,126.12976837158203,132.43199157714844
101.83345794677734,126.3932113647461,4.673447132110596
104.8573226928711,122.91332244873047,325.4302787780762
107.61804962158203,102.81871032714844,202.9259490966797
108.31350708007812,130.1452178955078,82.09475708007812
96.07125854492188,120.23554992675781,2.7123827934265137
103.55091094970703,94.19837951660156,268.31455993652344
114.7686538696289,103.96064758300781,128.5167236328125
100.22313690185547,122.91332244873047,175.50921630859375
105.93757629394531,102.81871795654297,64.78416442871094
101.4074478149414,130.88316345214844,295.6393356323242
100.22313690185547,136.94573974609375,94.38875579833984
106.62725830078125,110.1463394165039,204.57373046875
116.68814086914062,133.1260223388672,345.99190044403076
98.79846954345703,119.42708587646484,222.93209838867188
120.8521957397461,119.69116973876953,118.10798645019531
110.06117248535156,119.02145385742188,346.9776248931885
94.56504821777344,118.83414459228516,135.78372192382812
105.78360748291016,119.28263854980469,246.92623901367188
103.3744888305664,118.82672882080078,33.458412170410156
106.43620300292969,121.7461929321289,341.69349479675293
101.57984161376953,120.34590911865234,101.96139526367188
106.53570556640625,121.6959228515625,203.96762084960938
109.4098892211914,119.85537719726562,272.8334655761719
119.69795989990234,119.28263092041016,30.598377227783203
96.80735778808594,118.82672882080078,147.55323791503906
109.4098892211914,111.15362548828125,277.7700881958008
102.53375244140625,128.2301788330078,149.713623046875
120.10053253173828,105.15692138671875,28.227901458740234
103.8252944946289,112.85660552978516,37.436885833740234
94.7579345703125,135.83753967285156,279.6971664428711
118.92188262939453,127.845458984375,175.27879333496094
112.80457305908203,111.15362548828125,77.61856842041016
114.58091735839844,128.2301788330078,308.5143737792969
103.57843017578125,112.02595520019531,191.77000427246094
112.80457305908203,118.9132080078125,314.8040313720703
111.56207275390625,130.1300506591797,85.44780731201172
105.99949645996094,121.00091552734375,202.1288299560547
114.58091735839844,105.9279556274414,79.76349639892578
111.56207275390625,96.46636199951172,310.0427665710449
107.46530151367188,124.58878326416016,194.25599670410156
107.8630599975586,132.9493408203125,235.57723236083984
106.28572845458984,104.9959945678711,117.64090728759766
101.64632415771484,123.78356170654297,356.8117456436157
110.72164916992188,105.28834533691406,234.9261245727539
107.7799301147461,101.81034088134766,116.27696228027344
104.01252746582031,111.41899108886719,351.9249849319458
116.46047973632812,133.0164794921875,232.32074737548828
102.22413635253906,97.46525573730469,109.21613311767578
96.6732406616211,129.87619018554688,358.3990442752838
122.07791137695312,105.28834533691406,262.80875396728516
92.47679138183594,101.81034088134766,24.622177124023438
112.43150329589844,105.55567932128906,145.7477569580078
108.15824127197266,125.17318725585938,174.8981170654297
100.4761962890625,101.00360107421875,58.88520050048828
116.22206115722656,124.83546447753906,291.2690963745117
124.02465057373047,130.6351318359375,285.15394592285156
104.51769256591797,117.60454559326172,28.243507385253906
103.09773254394531,128.9823455810547,140.20114135742188
124.02465057373047,112.89885711669922,94.57475280761719
92.37503814697266,117.48605346679688,345.26208209991455
122.28060150146484,115.8052978515625,233.15572357177734
104.51769256591797,126.3207015991211,100.09636688232422
92.37503814697266,120.29634094238281,226.19960021972656
107.2029800415039,125.86882781982422,351.1173210144043
104.77676391601562,121.49345397949219,228.75833129882812
105.15834045410156,114.35762786865234,347.00147247314453
104.82272338867188,116.55419921875,113.68846130371094
100.43572998046875,130.57308959960938,245.50379943847656
112.01280212402344,118.25904083251953,17.48714256286621
102.94705200195312,130.3231201171875,131.534423828125
107.24687957763672,116.00155639648438,311.05441665649414
108.4840087890625,111.56194305419922,89.93206024169922
106.8398208618164,109.00897979736328,201.90830993652344
112.34243774414062,120.12701416015625,270.14611053466797
108.74891662597656,122.3979721069336,161.2985076904297
105.29078674316406,112.61865234375,35.420040130615234
108.74891662597656,112.86058807373047,297.829044342041
99.25094604492188,116.9382095336914,180.31153869628906
116.7795181274414,114.27296447753906,56.727699279785156
101.35480499267578,112.60870361328125,272.2762145996094
101.66275024414062,109.46602630615234,34.714393615722656
106.63619232177734,113.86445617675781,142.5188446044922
101.35480499267578,111.01759338378906,65.71741485595703
118.37452697753906,122.81222534179688,315.6695861816406
122.98418426513672,122.86335754394531,184.30166625976562
101.66275024414062,117.52762603759766,251.6085968017578
118.37452697753906,118.401123046875,1.483849048614502
103.24099731445312,112.15235900878906,141.1896514892578
103.536865234375,115.68183135986328,86.65203094482422
139.8111114501953,118.04762268066406,207.30101013183594
96.56771850585938,120.03239440917969,318.3171157836914
103.38069152832031,116.45732116699219,318.92880630493164
107.68104553222656,108.57034301757812,76.7086181640625
105.92704772949219,120.62103271484375,204.99842834472656
107.01373291015625,124.96146392822266,300.2144470214844
112.64717864990234,111.03370666503906,62.2415657043457
103.38312530517578,122.91313171386719,186.3201141357422
109.54794311523438,111.86946105957031,72.35416412353516
104.90766143798828,113.14836120605469,195.86500549316406
107.3940200805664,116.15926361083984,330.55774307250977
104.57215118408203,124.15258026123047,142.22915649414062
102.35443878173828,122.84960174560547,249.94527435302734
111.10066223144531,128.57864379882812,9.863143920898438
102.35443878173828,111.86946105957031,178.27500915527344
103.52444458007812,113.14836883544922,286.7924346923828
112.17976379394531,118.94588470458984,59.11262893676758
104.12252044677734,122.69905853271484,31.73167610168457
105.14908599853516,116.32798767089844,142.31503295898438
109.44705200195312,119.55188751220703,269.7148742675781
114.29872131347656,129.46096801757812,164.59861755371094
101.74849700927734,120.29476928710938,40.508941650390625
108.59774017333984,126.16181945800781,280.9006042480469
104.56782531738281,112.95932006835938,229.1094970703125
113.17378234863281,108.16915893554688,354.5022439956665
108.59774017333984,104.31729125976562,106.69530487060547
,129.46096801757812,
,120.29476928710938,
,128.04722595214844,
,126.74591064453125,
,117.53932189941406,
,126.22174835205078,
,120.17767333984375,
,129.1973876953125,
,118.2447509765625,
,116.61363983154297,
,130.51663208007812,
,120.61212158203125,
,118.24476623535156,
,116.61363983154297,
,117.12665557861328,
,114.18898010253906,
,112.64093017578125,
,111.23860931396484,
,130.51663208007812,
,120.61212158203125,
,130.232421875,
,119.21021270751953,
,112.64093017578125,
,111.23860931396484,
,118.29024505615234,
,115.25550842285156,
,118.39236450195312,
,120.14076232910156,
,113.01895904541016,
,118.2485122680664,
,114.73641204833984,
,113.77615356445312,
,112.47897338867188,
,119.68588256835938,
,115.12652587890625,
,122.3476791381836,
,121.17321014404297,
,111.895751953125,
,124.42411804199219,
,118.64189147949219,
,110.15544128417969,
,112.92426300048828,
,123.27245330810547,
,127.95901489257812,
,129.65878295898438,
,127.91780090332031,
,127.71469116210938,
,120.72998809814453,
,123.27244567871094,
,127.95901489257812,
,117.3154525756836,
,104.12317657470703,
,129.05177307128906,
,115.99756622314453,
,120.10643005371094,
,118.68449401855469,
,109.89302062988281,
,103.83218383789062,
,112.18316650390625,
,109.45427703857422,
,130.05911254882812,
,119.82452392578125,
,125.12940979003906,
,109.79735565185547,
,108.4153060913086,
,105.63832092285156,
,124.30257415771484,
,113.39567565917969,
,126.45528411865234,
,114.90827178955078,
,108.4153060913086,
,105.63832092285156,
,148.25584411621094,
,132.8670654296875,
,137.16665649414062,
,99.42318725585938,
,107.72105407714844,
,97.17218780517578,
,144.3570556640625,
,127.70975494384766,
,137.16664123535156,
,99.42318725585938,
,115.11228942871094,
,104.58230590820312,
,111.06063842773438,
,114.57197570800781,
,107.72106170654297,
,97.17218017578125,
,115.11228942871094,
,104.58230590820312,
,121.47911834716797,
,114.88139343261719,
,120.27564239501953,
,114.22681427001953,
,110.45333862304688,
,111.54894256591797,
,126.97193145751953,
,114.75238037109375,
,129.27101135253906,
,119.12800598144531,
,110.45333862304688,
,111.54894256591797,
,127.01729583740234,
,117.73843383789062,
,122.17192077636719,
,114.74168395996094,
,109.61223602294922,
,114.247314453125,
,118.73539733886719,
,107.1795425415039,
,128.21585083007812,
,124.04417419433594,
,109.61223602294922,
,114.247314453125,
,123.21846008300781,
,107.57502746582031,
,126.08300018310547,
,124.06733703613281,
,107.05536651611328,
,120.6899185180664,
,116.09160614013672,
,100.75873565673828,
,126.86164093017578,
,128.07025146484375,
,107.05536651611328,
,120.6899185180664,
,110.8782958984375,
,115.9858169555664,
,104.29851531982422,
,122.49173736572266,
,124.7923812866211,
,132.0122528076172,
,121.91180419921875,
,127.46363830566406,
,128.1139678955078,
,118.73856353759766,
,133.32049560546875,
,119.87763214111328,
,103.37176513671875,
,114.525634765625,
,114.10540771484375,
,133.87429809570312,
,120.10286712646484,
,133.0621795654297,
,118.38508605957031,
,115.11693572998047,
,119.84446716308594,
,119.7287368774414,
,120.29176330566406,
,122.86434173583984,
,118.7505874633789,
,115.36234283447266,
,119.86378479003906,
,119.60191345214844,
,120.29176330566406,
,122.86434173583984,
,120.06913757324219,
,115.3314437866211,
,116.35399627685547,
,111.71259307861328,
,111.82292938232422,
,112.84075164794922,
,127.09011840820312,
,112.81562805175781,
,131.82308959960938,
,121.25650024414062,
,111.82292175292969,
,112.84074401855469,
,110.6121597290039,
,111.93465423583984,
,114.65778350830078,
,119.80572509765625,
,117.04891204833984,
,120.90519714355469,
,106.32864379882812,
,119.6962890625,
,105.12060546875,
,113.36454010009766,
,125.34542083740234,
,121.02924346923828,
,123.69693756103516,
,108.19721221923828,
,126.1139907836914,
,119.18675994873047,
,107.03929138183594,
,115.18890380859375,
,102.33769226074219,
,109.49879455566406,
,102.5684814453125,
,129.86129760742188,
,126.76679229736328,
,139.23953247070312,
,102.33769226074219,
,109.49879455566406,
,109.3669662475586,
,120.63990783691406,
,111.48539733886719,
,118.42279052734375,
,116.53555297851562,
,119.54877471923828,
,121.42460632324219,
,116.5682144165039,
,116.93472290039062,
,106.05612182617188,
,113.3191909790039,
,125.82686614990234,
,108.71133422851562,
,126.1209716796875,
,133.2071533203125,
,135.245849609375,
,108.71133422851562,
,126.1209716796875,
,105.84244537353516,
,108.05216217041016,
,130.4168243408203,
,118.08149719238281,
,126.79442596435547,
,114.53012084960938,
,126.3341293334961,
,120.76449584960938,
,106.95156860351562,
,116.08778381347656,
,117.1177978515625,
,105.87225341796875,
,126.71429443359375,
,125.57276916503906,
,106.9515609741211,
,116.08778381347656,
,119.82703399658203,
,119.5627212524414,
,118.34141540527344,
,119.22493743896484,
,118.3637924194336,
,119.51424407958984,
,96.00152587890625,
,95.86537170410156,
,105.29269409179688,
,134.88522338867188,
,114.9407730102539,
,138.25111389160156,
,113.13530731201172,
,130.34930419921875,
,110.95059204101562,
,109.37368774414062,
,137.7713623046875,
,124.9956283569336,
,122.646484375,
,125.3596420288086,
,118.08783721923828,
,90.70025634765625,
,123.39849853515625,
,102.3216552734375,
,119.88153839111328,
,119.88153839111328,
,121.39598846435547,
,90.0,
,121.39598846435547,
,90.0,
,135.71536254882812,
,110.19480895996094,
,144.11453247070312,
,130.7182159423828,
,109.66441345214844,
,115.06147766113281,
,109.83272552490234,
,111.1775131225586,
,115.5361328125,
,118.76861572265625,
,122.3089370727539,
,124.07501983642578,
,110.6045913696289,
,112.93958282470703,
,113.0830307006836,
,118.81011962890625,
,120.10079193115234,
,123.116943359375,
,115.42709350585938,
,125.03296661376953,
,106.80966186523438,
,110.52349090576172,
,125.82477569580078,
,118.96464538574219,
,127.96281433105469,
,118.20830535888672,
,126.92698669433594,
,115.17720794677734,
,111.269287109375,
,109.29080200195312,
,122.46778869628906,
,124.3454818725586,
,113.13540649414062,
,110.68179321289062,
,120.27102661132812,
,116.12216186523438,
,120.66604614257812,
,121.13712310791016,
,119.50965118408203,
,115.35968017578125,
,121.02948760986328,
,116.6014633178711,
,128.366943359375,
,116.56168365478516,
,130.39793395996094,
,120.22216033935547,
,113.57814025878906,
,114.28099060058594,
,128.366943359375,
,116.56168365478516,
,131.397216796875,
,123.2161636352539,
,114.69535064697266,
,117.3520736694336,
,113.57814025878906,
,114.28099060058594,
,114.6953353881836,
,117.35205841064453,
,113.9074478149414,
,116.02391815185547,
,100.6089859008789,
,98.48563385009766,
,119.04336547851562,
,124.6402587890625,
,101.8770980834961,
,113.76519012451172,
,100.6089859008789,
,98.48563385009766,
,109.64067840576172,
,136.87411499023438,
,128.48953247070312,
,145.62583923339844,
,113.1491928100586,
,110.8123550415039,
,123.27473449707031,
,127.29490661621094,
,114.0962905883789,
,121.3030776977539,
,109.93347930908203,
,112.60590362548828,
,109.73932647705078,
,111.62123107910156,
,117.40187072753906,
,116.75626373291016,
,108.84690856933594,
,97.38079071044922,
,120.32643127441406,
,134.4388427734375,
,101.95672607421875,
,129.44334411621094,
,123.45657348632812,
,123.82949829101562,
,115.68702697753906,
,109.21882629394531,
,119.3299331665039,
,113.44132232666016,
,115.3078842163086,
,111.63412475585938,
,123.16645050048828,
,128.4025421142578,
,114.48435974121094,
,124.04533386230469,
,113.63117980957031,
,128.54188537597656,
,101.0588607788086,
,118.69071197509766,
,127.20043182373047,
,123.49674224853516,
,107.90274047851562,
,109.60319519042969,
,115.08934020996094,
,127.1264877319336,
,114.06571197509766,
,125.7093734741211,
,126.38788604736328,
,117.10820770263672,
,130.84494018554688,
,131.93800354003906,
,114.06571197509766,
,125.7093734741211,
,119.89005279541016,
,125.47102355957031,
,124.92499542236328,
,113.41229248046875,
,127.42378997802734,
,108.87252044677734,
,126.84600067138672,
,121.11668395996094,
,124.92499542236328,
,113.41229248046875,
,107.65121459960938,
,94.47586822509766,
,138.6781463623047,
,131.2374267578125,
,127.42378997802734,
,108.87252044677734,
,107.65121459960938,
,94.47586822509766,
,111.42093658447266,
,109.16405487060547,
,132.29885864257812,
,138.0306854248047,
,102.06819915771484,
,119.38298797607422,
,111.42093658447266,
,109.16405487060547,
,105.4867935180664,
,112.8052749633789,
,124.70722198486328,
,129.19606018066406,
,123.37366485595703,
,125.17137145996094,
,109.84689331054688,
,105.47509002685547,
,122.12100982666016,
,117.5606689453125,
,112.08670043945312,
,109.4561996459961,
,115.45297241210938,
,117.21940612792969,
,114.18692016601562,
,118.00774383544922,
,124.92000579833984,
,111.67960357666016,
,128.11083984375,
,133.94764709472656,
,101.70394897460938,
,127.75662231445312,
,121.07320404052734,
,112.02069091796875,
,122.06194305419922,
,128.27987670898438,
,112.72370910644531,
,127.87379455566406,
,95.83797454833984,
,112.0519027709961,
,101.87349700927734,
,117.7232666015625,
,131.75889587402344,
,133.59417724609375,
,141.93408203125,
,137.85484313964844,
,114.4438247680664,
,112.22308349609375,
,109.11650848388672,
,118.01409912109375,
,116.16314697265625,
,117.90518188476562,
,113.38487243652344,
,114.24375915527344,
,119.63042449951172,
,118.71704864501953,
,118.15744018554688,
,114.5626220703125,
,118.22537231445312,
,113.78174591064453,
,117.38499450683594,
,116.62584686279297,
,125.48916625976562,
,139.80667114257812,
,117.06419372558594,
,109.016845703125,
,133.9894561767578,
,105.48529052734375,
,114.7632827758789,
,111.17646026611328,
,117.06419372558594,
,109.016845703125,
,108.94634246826172,
,102.07987976074219,
,102.38661193847656,
,108.98038482666016,
,96.9155044555664,
,139.15000915527344,
,136.0622100830078,
,151.8221893310547,
,102.38661193847656,
,108.98037719726562,
,106.80675506591797,
,111.8696060180664,
,106.0558853149414,
,105.79121398925781,
,112.6377182006836,
,103.59149932861328,
,120.44062042236328,
,124.50127410888672,
,115.72459411621094,
,125.14533233642578,
,109.29147338867188,
,122.21693420410156,
,115.72459411621094,
,125.14533233642578,
,123.83478546142578,
,122.74315643310547,
,118.92617797851562,
,136.24557495117188,
,106.40895080566406,
,112.63256072998047,
,133.15675354003906,
,117.33773040771484,
,105.256103515625,
,113.71316528320312,
,112.026123046875,
,124.35136413574219,
,118.40217590332031,
,124.36259460449219,
,116.46331787109375,
,119.29975891113281,
,115.20015716552734,
,121.50432586669922,
,116.49848175048828,
,120.0400161743164,
,127.37184143066406,
,114.0007095336914,
,130.0044403076172,
,119.47339630126953,
,110.45272064208984,
,112.12266540527344,
,126.09487915039062,
,122.94560241699219,
,119.07087707519531,
,111.91266632080078,
,113.42538452148438,
,110.30752563476562,
,119.07087707519531,
,111.91266632080078,
,122.77778625488281,
,125.14173126220703,
,120.02371978759766,
,127.50374603271484,
,142.80738830566406,
,140.56240844726562,
,122.3993911743164,
,120.39197540283203,
,113.78626251220703,
,117.17738342285156,
,113.41116333007812,
,119.7138900756836,
,107.80379486083984,
,111.06626892089844,
,117.62958526611328,
,113.43780517578125,
,134.458740234375,
,113.46996307373047,
,131.95223999023438,
,106.75218200683594,
,104.303466796875,
,103.87271881103516,
,137.17396545410156,
,123.02084350585938,
,133.21749877929688,
,114.03921508789062,
,109.59640502929688,
,106.83501434326172,
,137.17396545410156,
,123.02084350585938,
,135.64932250976562,
,122.93993377685547,
,112.5565414428711,
,115.99101257324219,
,133.21749877929688,
,114.03921508789062,
,135.64932250976562,
,122.93993377685547,
,111.79413604736328,
,117.18610382080078,
,124.7077407836914,
,115.1962661743164,
,121.3604507446289,
,110.07984924316406,
,110.95797729492188,
,111.06745147705078,
,124.7077407836914,
,115.1962661743164,
,133.03025817871094,
,134.723876953125,
,110.55304718017578,
,124.22480010986328,
,110.95797729492188,
,111.06745147705078,
,110.55304718017578,
,124.22479248046875,
,116.41669464111328,
,127.68156433105469,
,124.88726043701172,
,121.63037109375,
,120.33357238769531,
,117.56526947021484,
,122.94796752929688,
,123.86549377441406,
,125.85987854003906,
,120.80436706542969,
,120.33357238769531,
,117.56526947021484,
,116.71846771240234,
,120.04219818115234,
,114.09791564941406,
,111.24723815917969,
,122.94796752929688,
,123.86549377441406,
,116.71846771240234,
,120.04219818115234,
,131.46267700195312,
,129.1489715576172,
,124.92585754394531,
,115.39112854003906,
,124.05228424072266,
,118.09516906738281,
,126.3734130859375,
,115.45990753173828,
,124.92585754394531,
,115.39111328125,
,111.0218505859375,
,113.47942352294922,
,120.14716339111328,
,110.44215393066406,
,124.05228424072266,
,118.09516906738281,
,111.0218505859375,
,113.47942352294922,
,113.0886459350586,
,126.70481872558594,
,102.97854614257812,
,95.61725616455078,
,125.22258758544922,
,106.8070068359375,
,140.10433959960938,
,134.65052795410156,
,131.79888916015625,
,104.31668090820312,
,125.22258758544922,
,106.8070068359375,
,118.82107543945312,
,117.06517028808594,
,114.48416137695312,
,112.32157135009766,
,111.84001922607422,
,111.82852172851562,
,105.01795196533203,
,107.73614501953125,
,117.70840454101562,
,145.23001098632812,
,115.0436782836914,
,143.71609497070312,
,117.70840454101562,
,145.22999572753906,
,101.8354263305664,
,107.0338363647461,
,148.3395233154297,
,127.24790954589844,
,113.80699157714844,
,114.84356689453125,
,112.01278686523438,
,120.41712188720703,
,116.75040435791016,
,123.12902069091797,
,113.6521224975586,
,112.69633483886719,
,116.89539337158203,
,121.59650421142578,
,110.45454406738281,
,117.31714630126953,
,116.22750091552734,
,113.73064422607422,
,117.80462646484375,
,118.30870819091797,
,115.95448303222656,
,118.72377014160156,
,96.94025421142578,
,112.8451919555664,
,103.95579528808594,
,129.8541259765625,
,122.70114135742188,
,134.19122314453125,
,106.13554382324219,
,107.70256805419922,
,110.18497467041016,
,117.56136322021484,
,108.3968505859375,
,115.34566497802734,
,106.13554382324219,
,107.70256805419922,
,110.72506713867188,
,134.73606872558594,
,120.1301040649414,
,138.51878356933594,
,105.27916717529297,
,112.1578598022461,
,123.06947326660156,
,136.2472686767578,
,118.31961059570312,
,130.82919311523438,
,100.62347412109375,
,97.409912109375,
,108.41161346435547,
,130.31683349609375,
,104.57373046875,
,129.5684814453125,
,114.3116226196289,
,126.25935363769531,
,111.43891143798828,
,104.64671325683594,
,126.29947662353516,
,108.78024291992188,
,121.24575805664062,
,117.1325912475586,
,128.05645751953125,
,124.8232650756836,
,110.45780181884766,
,110.21736145019531,
,121.24577331542969,
,117.1325912475586,
,117.76492309570312,
,118.0441665649414,
,125.28024291992188,
,128.53688049316406,
,107.78157806396484,
,130.53265380859375,
,102.24259948730469,
,101.28559875488281,
,136.7571563720703,
,120.53449249267578,
,129.72073364257812,
,118.95065307617188,
,130.64376831054688,
,121.64222717285156,
,112.67520904541016,
,114.49249267578125,
,129.72073364257812,
,118.95065307617188,
,129.1042022705078,
,119.4071273803711,
,114.15145111083984,
,115.78677368164062,
,130.64376831054688,
,121.64222717285156,
,129.1042022705078,
,119.4071273803711,
,116.74435424804688,
,116.68102264404297,
,116.5126724243164,
,116.17759704589844,
,115.52002716064453,
,114.40367126464844,
,112.56071472167969,
,111.6906967163086,
,119.99849700927734,
,118.16038513183594,
,118.15055084228516,
,118.47368621826172,
,113.8570327758789,
,116.40687561035156,
,125.70673370361328,
,124.8506088256836,
,117.56719970703125,
,105.34382629394531,
,114.4305419921875,
,101.46609497070312,
,127.36847686767578,
,130.2144012451172,
,110.4344711303711,
,105.48920440673828,
,123.5880126953125,
,116.92524719238281,
,114.1131362915039,
,118.69874572753906,
,109.1670150756836,
,118.80561828613281,
,124.09304809570312,
,126.9264144897461,
,126.10324096679688,
,145.7403106689453,
,109.31266784667969,
,109.96604919433594,
,138.5809783935547,
,108.97903442382812,
,126.10324096679688,
,145.7403106689453,
,103.08956909179688,
,104.29364776611328,
,144.9528045654297,
,124.91770935058594,
,109.31266784667969,
,109.96604919433594,
,103.08956909179688,
,104.29364776611328,
,111.95763397216797,
,112.10635375976562,
,113.24201202392578,
,111.8604736328125,
,113.47819519042969,
,117.34759521484375,
,111.89071655273438,
,117.17317962646484,
,119.55309295654297,
,106.49124145507812,
,124.9103775024414,
,117.98750305175781,
,108.1573715209961,
,111.8330307006836,
,129.036376953125,
,112.54393005371094,
,129.52392578125,
,114.79340362548828,
,112.24105834960938,
,113.62908935546875,
,117.51750183105469,
,123.90682983398438,
,114.77342224121094,
,120.74576568603516,
,120.05520629882812,
,118.89865112304688,
,114.77342224121094,
,120.7457504272461,
,108.84759521484375,
,115.347412109375,
,125.87847137451172,
,125.17137145996094,
,109.87520599365234,
,116.0334243774414,
,110.0478286743164,
,106.68158721923828,
,118.58424377441406,
,110.4189453125,
,109.87519836425781,
,116.0334243774414,
,122.43817901611328,
,137.28500366210938,
,129.7573699951172,
,139.7058563232422,
,110.0478286743164,
,106.68158721923828,
,122.43817901611328,
,137.2849884033203,
,107.80445098876953,
,131.367919921875,
,122.3442611694336,
,111.5720443725586,
,145.89111328125,
,142.51187133789062,
,108.14867401123047,
,110.4594955444336,
,112.59514617919922,
,110.406982421875,
,115.28754425048828,
,121.26576232910156,
,112.11820983886719,
,120.3779067993164,
,119.85409545898438,
,113.1772232055664,
,123.16949462890625,
,122.88822937011719,
,110.72987365722656,
,117.72620391845703,
,120.19335174560547,
,112.22330474853516,
,117.58467102050781,
,123.14933776855469,
,110.37793731689453,
,124.22956848144531,
,108.51741027832031,
,123.28862762451172,
,106.8521957397461,
,113.8897476196289,
,126.31352996826172,
,119.16239166259766,
,106.8521957397461,
,113.8897476196289,
,107.71611022949219,
,122.82162475585938,
,119.91787719726562,
,126.83428955078125,
,109.67498016357422,
,116.01165008544922,
,110.40986633300781,
,119.93798828125,
,119.09152221679688,
,122.1619873046875,
,123.8835678100586,
,122.4141845703125,
,116.90203094482422,
,112.19303894042969,
,118.61213684082031,
,116.31846618652344,
,119.79796600341797,
,116.30198669433594,
,124.48583984375,
,119.60834503173828,
,118.61213684082031,
,116.31846618652344,
